{
    "packages": [
        {
            "name": "async-aws/core",
            "version": "1.15.0",
            "version_normalized": "1.15.0.0",
            "source": {
                "type": "git",
                "url": "https://github.com/async-aws/core.git",
                "reference": "40348e9c42405aa5aef0a9c275336af0e3087cf5"
            },
            "dist": {
                "type": "zip",
                "url": "https://api.github.com/repos/async-aws/core/zipball/40348e9c42405aa5aef0a9c275336af0e3087cf5",
                "reference": "40348e9c42405aa5aef0a9c275336af0e3087cf5",
                "shasum": ""
            },
            "require": {
                "ext-hash": "*",
                "ext-json": "*",
                "ext-simplexml": "*",
                "php": "^7.2.5 || ^8.0",
                "psr/cache": "^1.0 || ^2.0 || ^3.0",
                "psr/log": "^1.0 || ^2.0 || ^3.0",
                "symfony/deprecation-contracts": "^2.1 || ^3.0",
                "symfony/http-client": "^4.4.16 || ^5.1.7,!=5.2.0 || ^6.0",
                "symfony/http-client-contracts": "^1.1.8 || ^2.0 || ^3.0",
                "symfony/service-contracts": "^1.0 || ^2.0 || ^3.0"
            },
            "conflict": {
                "async-aws/s3": "<1.1"
            },
            "time": "2022-05-27T23:40:14+00:00",
            "type": "library",
            "extra": {
                "branch-alias": {
                    "dev-master": "1.15-dev"
                }
            },
            "installation-source": "dist",
            "autoload": {
                "psr-4": {
                    "AsyncAws\\Core\\": "src"
                }
            },
            "notification-url": "https://packagist.org/downloads/",
            "license": [
                "MIT"
            ],
            "description": "Core package to integrate with AWS. This is a lightweight AWS SDK provider by AsyncAws.",
            "keywords": [
                "amazon",
                "async-aws",
                "aws",
                "sdk",
                "sts"
            ],
            "support": {
                "source": "https://github.com/async-aws/core/tree/1.15.0"
            },
            "funding": [
                {
                    "url": "https://github.com/jderusse",
                    "type": "github"
                },
                {
                    "url": "https://github.com/nyholm",
                    "type": "github"
                }
            ],
            "install-path": "../async-aws/core"
        },
        {
            "name": "async-aws/ses",
            "version": "1.4.1",
            "version_normalized": "1.4.1.0",
            "source": {
                "type": "git",
                "url": "https://github.com/async-aws/ses.git",
                "reference": "82d7f934776e02e0c61422222abe944a183934fc"
            },
            "dist": {
                "type": "zip",
                "url": "https://api.github.com/repos/async-aws/ses/zipball/82d7f934776e02e0c61422222abe944a183934fc",
                "reference": "82d7f934776e02e0c61422222abe944a183934fc",
                "shasum": ""
            },
            "require": {
                "async-aws/core": "^1.9",
                "ext-json": "*",
                "php": "^7.2.5 || ^8.0"
            },
            "time": "2021-10-02T11:41:51+00:00",
            "type": "library",
            "extra": {
                "branch-alias": {
                    "dev-master": "1.5-dev"
                }
            },
            "installation-source": "dist",
            "autoload": {
                "psr-4": {
                    "AsyncAws\\Ses\\": "src"
                }
            },
            "notification-url": "https://packagist.org/downloads/",
            "license": [
                "MIT"
            ],
            "description": "SES client, part of the AWS SDK provided by AsyncAws.",
            "keywords": [
                "amazon",
                "async-aws",
                "aws",
                "sdk",
                "ses"
            ],
            "support": {
                "source": "https://github.com/async-aws/ses/tree/1.4.1"
            },
            "funding": [
                {
                    "url": "https://github.com/jderusse",
                    "type": "github"
                },
                {
                    "url": "https://github.com/nyholm",
                    "type": "github"
                }
            ],
            "install-path": "../async-aws/ses"
        },
        {
            "name": "doctrine/lexer",
            "version": "1.2.3",
            "version_normalized": "1.2.3.0",
            "source": {
                "type": "git",
                "url": "https://github.com/doctrine/lexer.git",
                "reference": "c268e882d4dbdd85e36e4ad69e02dc284f89d229"
            },
            "dist": {
                "type": "zip",
                "url": "https://api.github.com/repos/doctrine/lexer/zipball/c268e882d4dbdd85e36e4ad69e02dc284f89d229",
                "reference": "c268e882d4dbdd85e36e4ad69e02dc284f89d229",
                "shasum": ""
            },
            "require": {
                "php": "^7.1 || ^8.0"
            },
            "require-dev": {
                "doctrine/coding-standard": "^9.0",
                "phpstan/phpstan": "^1.3",
                "phpunit/phpunit": "^7.5 || ^8.5 || ^9.5",
                "vimeo/psalm": "^4.11"
            },
            "time": "2022-02-28T11:07:21+00:00",
            "type": "library",
            "installation-source": "dist",
            "autoload": {
                "psr-4": {
                    "Doctrine\\Common\\Lexer\\": "lib/Doctrine/Common/Lexer"
                }
            },
            "notification-url": "https://packagist.org/downloads/",
            "license": [
                "MIT"
            ],
            "authors": [
                {
                    "name": "Guilherme Blanco",
                    "email": "guilhermeblanco@gmail.com"
                },
                {
                    "name": "Roman Borschel",
                    "email": "roman@code-factory.org"
                },
                {
                    "name": "Johannes Schmitt",
                    "email": "schmittjoh@gmail.com"
                }
            ],
            "description": "PHP Doctrine Lexer parser library that can be used in Top-Down, Recursive Descent Parsers.",
            "homepage": "https://www.doctrine-project.org/projects/lexer.html",
            "keywords": [
                "annotations",
                "docblock",
                "lexer",
                "parser",
                "php"
            ],
            "support": {
                "issues": "https://github.com/doctrine/lexer/issues",
                "source": "https://github.com/doctrine/lexer/tree/1.2.3"
            },
            "funding": [
                {
                    "url": "https://www.doctrine-project.org/sponsorship.html",
                    "type": "custom"
                },
                {
                    "url": "https://www.patreon.com/phpdoctrine",
                    "type": "patreon"
                },
                {
                    "url": "https://tidelift.com/funding/github/packagist/doctrine%2Flexer",
                    "type": "tidelift"
                }
            ],
            "install-path": "../doctrine/lexer"
        },
        {
            "name": "egulias/email-validator",
            "version": "3.2",
            "version_normalized": "3.2.0.0",
            "source": {
                "type": "git",
                "url": "https://github.com/egulias/EmailValidator.git",
                "reference": "a5ed8d58ed0c340a7c2109f587951b1c84cf6286"
            },
            "dist": {
                "type": "zip",
                "url": "https://api.github.com/repos/egulias/EmailValidator/zipball/a5ed8d58ed0c340a7c2109f587951b1c84cf6286",
                "reference": "a5ed8d58ed0c340a7c2109f587951b1c84cf6286",
                "shasum": ""
            },
            "require": {
                "doctrine/lexer": "^1.2",
                "php": ">=7.2",
                "symfony/polyfill-intl-idn": "^1.15"
            },
            "require-dev": {
                "php-coveralls/php-coveralls": "^2.2",
                "phpunit/phpunit": "^8.5.8|^9.3.3",
                "vimeo/psalm": "^4"
            },
            "suggest": {
                "ext-intl": "PHP Internationalization Libraries are required to use the SpoofChecking validation"
            },
            "time": "2022-05-28T22:19:18+00:00",
            "type": "library",
            "extra": {
                "branch-alias": {
                    "dev-master": "3.0.x-dev"
                }
            },
            "installation-source": "dist",
            "autoload": {
                "psr-4": {
                    "Egulias\\EmailValidator\\": "src"
                }
            },
            "notification-url": "https://packagist.org/downloads/",
            "license": [
                "MIT"
            ],
            "authors": [
                {
                    "name": "Eduardo Gulias Davis"
                }
            ],
            "description": "A library for validating emails against several RFCs",
            "homepage": "https://github.com/egulias/EmailValidator",
            "keywords": [
                "email",
                "emailvalidation",
                "emailvalidator",
                "validation",
                "validator"
            ],
            "support": {
                "issues": "https://github.com/egulias/EmailValidator/issues",
                "source": "https://github.com/egulias/EmailValidator/tree/3.2"
            },
            "funding": [
                {
                    "url": "https://github.com/egulias",
                    "type": "github"
                }
            ],
            "install-path": "../egulias/email-validator"
        },
        {
            "name": "psr/cache",
            "version": "1.0.1",
            "version_normalized": "1.0.1.0",
            "source": {
                "type": "git",
                "url": "https://github.com/php-fig/cache.git",
                "reference": "d11b50ad223250cf17b86e38383413f5a6764bf8"
            },
            "dist": {
                "type": "zip",
                "url": "https://api.github.com/repos/php-fig/cache/zipball/d11b50ad223250cf17b86e38383413f5a6764bf8",
                "reference": "d11b50ad223250cf17b86e38383413f5a6764bf8",
                "shasum": ""
            },
            "require": {
                "php": ">=5.3.0"
            },
            "time": "2016-08-06T20:24:11+00:00",
            "type": "library",
            "extra": {
                "branch-alias": {
                    "dev-master": "1.0.x-dev"
                }
            },
            "installation-source": "dist",
            "autoload": {
                "psr-4": {
                    "Psr\\Cache\\": "src/"
                }
            },
            "notification-url": "https://packagist.org/downloads/",
            "license": [
                "MIT"
            ],
            "authors": [
                {
                    "name": "PHP-FIG",
                    "homepage": "http://www.php-fig.org/"
                }
            ],
            "description": "Common interface for caching libraries",
            "keywords": [
                "cache",
                "psr",
                "psr-6"
            ],
            "support": {
                "source": "https://github.com/php-fig/cache/tree/master"
            },
            "install-path": "../psr/cache"
        },
        {
            "name": "psr/container",
            "version": "1.1.2",
            "version_normalized": "1.1.2.0",
            "source": {
                "type": "git",
                "url": "https://github.com/php-fig/container.git",
                "reference": "513e0666f7216c7459170d56df27dfcefe1689ea"
            },
            "dist": {
                "type": "zip",
                "url": "https://api.github.com/repos/php-fig/container/zipball/513e0666f7216c7459170d56df27dfcefe1689ea",
                "reference": "513e0666f7216c7459170d56df27dfcefe1689ea",
                "shasum": ""
            },
            "require": {
                "php": ">=7.4.0"
            },
            "time": "2021-11-05T16:50:12+00:00",
            "type": "library",
            "installation-source": "dist",
            "autoload": {
                "psr-4": {
                    "Psr\\Container\\": "src/"
                }
            },
            "notification-url": "https://packagist.org/downloads/",
            "license": [
                "MIT"
            ],
            "authors": [
                {
                    "name": "PHP-FIG",
                    "homepage": "https://www.php-fig.org/"
                }
            ],
            "description": "Common Container Interface (PHP FIG PSR-11)",
            "homepage": "https://github.com/php-fig/container",
            "keywords": [
                "PSR-11",
                "container",
                "container-interface",
                "container-interop",
                "psr"
            ],
            "support": {
                "issues": "https://github.com/php-fig/container/issues",
                "source": "https://github.com/php-fig/container/tree/1.1.2"
            },
            "install-path": "../psr/container"
        },
        {
            "name": "psr/event-dispatcher",
            "version": "1.0.0",
            "version_normalized": "1.0.0.0",
            "source": {
                "type": "git",
                "url": "https://github.com/php-fig/event-dispatcher.git",
                "reference": "dbefd12671e8a14ec7f180cab83036ed26714bb0"
            },
            "dist": {
                "type": "zip",
                "url": "https://api.github.com/repos/php-fig/event-dispatcher/zipball/dbefd12671e8a14ec7f180cab83036ed26714bb0",
                "reference": "dbefd12671e8a14ec7f180cab83036ed26714bb0",
                "shasum": ""
            },
            "require": {
                "php": ">=7.2.0"
            },
            "time": "2019-01-08T18:20:26+00:00",
            "type": "library",
            "extra": {
                "branch-alias": {
                    "dev-master": "1.0.x-dev"
                }
            },
            "installation-source": "dist",
            "autoload": {
                "psr-4": {
                    "Psr\\EventDispatcher\\": "src/"
                }
            },
            "notification-url": "https://packagist.org/downloads/",
            "license": [
                "MIT"
            ],
            "authors": [
                {
                    "name": "PHP-FIG",
                    "homepage": "http://www.php-fig.org/"
                }
            ],
            "description": "Standard interfaces for event handling.",
            "keywords": [
                "events",
                "psr",
                "psr-14"
            ],
            "support": {
                "issues": "https://github.com/php-fig/event-dispatcher/issues",
                "source": "https://github.com/php-fig/event-dispatcher/tree/1.0.0"
            },
            "install-path": "../psr/event-dispatcher"
        },
        {
            "name": "psr/log",
            "version": "1.1.4",
            "version_normalized": "1.1.4.0",
            "source": {
                "type": "git",
                "url": "https://github.com/php-fig/log.git",
                "reference": "d49695b909c3b7628b6289db5479a1c204601f11"
            },
            "dist": {
                "type": "zip",
                "url": "https://api.github.com/repos/php-fig/log/zipball/d49695b909c3b7628b6289db5479a1c204601f11",
                "reference": "d49695b909c3b7628b6289db5479a1c204601f11",
                "shasum": ""
            },
            "require": {
                "php": ">=5.3.0"
            },
            "time": "2021-05-03T11:20:27+00:00",
            "type": "library",
            "extra": {
                "branch-alias": {
                    "dev-master": "1.1.x-dev"
                }
            },
            "installation-source": "dist",
            "autoload": {
                "psr-4": {
                    "Psr\\Log\\": "Psr/Log/"
                }
            },
            "notification-url": "https://packagist.org/downloads/",
            "license": [
                "MIT"
            ],
            "authors": [
                {
                    "name": "PHP-FIG",
                    "homepage": "https://www.php-fig.org/"
                }
            ],
            "description": "Common interface for logging libraries",
            "homepage": "https://github.com/php-fig/log",
            "keywords": [
                "log",
                "psr",
                "psr-3"
            ],
            "support": {
                "source": "https://github.com/php-fig/log/tree/1.1.4"
            },
            "install-path": "../psr/log"
        },
        {
            "name": "symfony/amazon-mailer",
            "version": "v5.4.8",
            "version_normalized": "5.4.8.0",
            "source": {
                "type": "git",
                "url": "https://github.com/symfony/amazon-mailer.git",
                "reference": "b29080ec459364c4fc9478b2633c0915480f22ea"
            },
            "dist": {
                "type": "zip",
                "url": "https://api.github.com/repos/symfony/amazon-mailer/zipball/b29080ec459364c4fc9478b2633c0915480f22ea",
                "reference": "b29080ec459364c4fc9478b2633c0915480f22ea",
                "shasum": ""
            },
            "require": {
                "async-aws/ses": "^1.0",
                "php": ">=7.2.5",
                "psr/event-dispatcher": "^1",
                "symfony/deprecation-contracts": "^2.1|^3",
                "symfony/mailer": "^4.4.21|^5.2.6|^6.0"
            },
            "require-dev": {
                "symfony/http-client": "^4.4|^5.0|^6.0"
            },
            "time": "2022-04-12T16:18:39+00:00",
            "type": "symfony-mailer-bridge",
            "installation-source": "dist",
            "autoload": {
                "psr-4": {
                    "Symfony\\Component\\Mailer\\Bridge\\Amazon\\": ""
                },
                "exclude-from-classmap": [
                    "/Tests/"
                ]
            },
            "notification-url": "https://packagist.org/downloads/",
            "license": [
                "MIT"
            ],
            "authors": [
                {
                    "name": "Fabien Potencier",
                    "email": "fabien@symfony.com"
                },
                {
                    "name": "Symfony Community",
                    "homepage": "https://symfony.com/contributors"
                }
            ],
            "description": "Symfony Amazon Mailer Bridge",
            "homepage": "https://symfony.com",
            "support": {
                "source": "https://github.com/symfony/amazon-mailer/tree/v5.4.8"
            },
            "funding": [
                {
                    "url": "https://symfony.com/sponsor",
                    "type": "custom"
                },
                {
                    "url": "https://github.com/fabpot",
                    "type": "github"
                },
                {
                    "url": "https://tidelift.com/funding/github/packagist/symfony/symfony",
                    "type": "tidelift"
                }
            ],
            "install-path": "../symfony/amazon-mailer"
        },
        {
            "name": "symfony/deprecation-contracts",
            "version": "v2.5.1",
            "version_normalized": "2.5.1.0",
            "source": {
                "type": "git",
                "url": "https://github.com/symfony/deprecation-contracts.git",
                "reference": "e8b495ea28c1d97b5e0c121748d6f9b53d075c66"
            },
            "dist": {
                "type": "zip",
                "url": "https://api.github.com/repos/symfony/deprecation-contracts/zipball/e8b495ea28c1d97b5e0c121748d6f9b53d075c66",
                "reference": "e8b495ea28c1d97b5e0c121748d6f9b53d075c66",
                "shasum": ""
            },
            "require": {
                "php": ">=7.1"
            },
            "time": "2022-01-02T09:53:40+00:00",
            "type": "library",
            "extra": {
                "branch-alias": {
                    "dev-main": "2.5-dev"
                },
                "thanks": {
                    "name": "symfony/contracts",
                    "url": "https://github.com/symfony/contracts"
                }
            },
            "installation-source": "dist",
            "autoload": {
                "files": [
                    "function.php"
                ]
            },
            "notification-url": "https://packagist.org/downloads/",
            "license": [
                "MIT"
            ],
            "authors": [
                {
                    "name": "Nicolas Grekas",
                    "email": "p@tchwork.com"
                },
                {
                    "name": "Symfony Community",
                    "homepage": "https://symfony.com/contributors"
                }
            ],
            "description": "A generic function and convention to trigger deprecation notices",
            "homepage": "https://symfony.com",
            "support": {
                "source": "https://github.com/symfony/deprecation-contracts/tree/v2.5.1"
            },
            "funding": [
                {
                    "url": "https://symfony.com/sponsor",
                    "type": "custom"
                },
                {
                    "url": "https://github.com/fabpot",
                    "type": "github"
                },
                {
                    "url": "https://tidelift.com/funding/github/packagist/symfony/symfony",
                    "type": "tidelift"
                }
            ],
            "install-path": "../symfony/deprecation-contracts"
        },
        {
            "name": "symfony/event-dispatcher",
            "version": "v5.4.9",
            "version_normalized": "5.4.9.0",
            "source": {
                "type": "git",
                "url": "https://github.com/symfony/event-dispatcher.git",
                "reference": "8e6ce1cc0279e3ff3c8ff0f43813bc88d21ca1bc"
            },
            "dist": {
                "type": "zip",
                "url": "https://api.github.com/repos/symfony/event-dispatcher/zipball/8e6ce1cc0279e3ff3c8ff0f43813bc88d21ca1bc",
                "reference": "8e6ce1cc0279e3ff3c8ff0f43813bc88d21ca1bc",
                "shasum": ""
            },
            "require": {
                "php": ">=7.2.5",
                "symfony/deprecation-contracts": "^2.1|^3",
                "symfony/event-dispatcher-contracts": "^2|^3",
                "symfony/polyfill-php80": "^1.16"
            },
            "conflict": {
                "symfony/dependency-injection": "<4.4"
            },
            "provide": {
                "psr/event-dispatcher-implementation": "1.0",
                "symfony/event-dispatcher-implementation": "2.0"
            },
            "require-dev": {
                "psr/log": "^1|^2|^3",
                "symfony/config": "^4.4|^5.0|^6.0",
                "symfony/dependency-injection": "^4.4|^5.0|^6.0",
                "symfony/error-handler": "^4.4|^5.0|^6.0",
                "symfony/expression-language": "^4.4|^5.0|^6.0",
                "symfony/http-foundation": "^4.4|^5.0|^6.0",
                "symfony/service-contracts": "^1.1|^2|^3",
                "symfony/stopwatch": "^4.4|^5.0|^6.0"
            },
            "suggest": {
                "symfony/dependency-injection": "",
                "symfony/http-kernel": ""
            },
            "time": "2022-05-05T16:45:39+00:00",
            "type": "library",
            "installation-source": "dist",
            "autoload": {
                "psr-4": {
                    "Symfony\\Component\\EventDispatcher\\": ""
                },
                "exclude-from-classmap": [
                    "/Tests/"
                ]
            },
            "notification-url": "https://packagist.org/downloads/",
            "license": [
                "MIT"
            ],
            "authors": [
                {
                    "name": "Fabien Potencier",
                    "email": "fabien@symfony.com"
                },
                {
                    "name": "Symfony Community",
                    "homepage": "https://symfony.com/contributors"
                }
            ],
            "description": "Provides tools that allow your application components to communicate with each other by dispatching events and listening to them",
            "homepage": "https://symfony.com",
            "support": {
                "source": "https://github.com/symfony/event-dispatcher/tree/v5.4.9"
            },
            "funding": [
                {
                    "url": "https://symfony.com/sponsor",
                    "type": "custom"
                },
                {
                    "url": "https://github.com/fabpot",
                    "type": "github"
                },
                {
                    "url": "https://tidelift.com/funding/github/packagist/symfony/symfony",
                    "type": "tidelift"
                }
            ],
            "install-path": "../symfony/event-dispatcher"
        },
        {
            "name": "symfony/event-dispatcher-contracts",
            "version": "v2.5.1",
            "version_normalized": "2.5.1.0",
            "source": {
                "type": "git",
                "url": "https://github.com/symfony/event-dispatcher-contracts.git",
                "reference": "f98b54df6ad059855739db6fcbc2d36995283fe1"
            },
            "dist": {
                "type": "zip",
                "url": "https://api.github.com/repos/symfony/event-dispatcher-contracts/zipball/f98b54df6ad059855739db6fcbc2d36995283fe1",
                "reference": "f98b54df6ad059855739db6fcbc2d36995283fe1",
                "shasum": ""
            },
            "require": {
                "php": ">=7.2.5",
                "psr/event-dispatcher": "^1"
            },
            "suggest": {
                "symfony/event-dispatcher-implementation": ""
            },
            "time": "2022-01-02T09:53:40+00:00",
            "type": "library",
            "extra": {
                "branch-alias": {
                    "dev-main": "2.5-dev"
                },
                "thanks": {
                    "name": "symfony/contracts",
                    "url": "https://github.com/symfony/contracts"
                }
            },
            "installation-source": "dist",
            "autoload": {
                "psr-4": {
                    "Symfony\\Contracts\\EventDispatcher\\": ""
                }
            },
            "notification-url": "https://packagist.org/downloads/",
            "license": [
                "MIT"
            ],
            "authors": [
                {
                    "name": "Nicolas Grekas",
                    "email": "p@tchwork.com"
                },
                {
                    "name": "Symfony Community",
                    "homepage": "https://symfony.com/contributors"
                }
            ],
            "description": "Generic abstractions related to dispatching event",
            "homepage": "https://symfony.com",
            "keywords": [
                "abstractions",
                "contracts",
                "decoupling",
                "interfaces",
                "interoperability",
                "standards"
            ],
            "support": {
                "source": "https://github.com/symfony/event-dispatcher-contracts/tree/v2.5.1"
            },
            "funding": [
                {
                    "url": "https://symfony.com/sponsor",
                    "type": "custom"
                },
                {
                    "url": "https://github.com/fabpot",
                    "type": "github"
                },
                {
                    "url": "https://tidelift.com/funding/github/packagist/symfony/symfony",
                    "type": "tidelift"
                }
            ],
            "install-path": "../symfony/event-dispatcher-contracts"
        },
        {
            "name": "symfony/google-mailer",
            "version": "v5.4.8",
            "version_normalized": "5.4.8.0",
            "source": {
                "type": "git",
                "url": "https://github.com/symfony/google-mailer.git",
                "reference": "8da892489a7536e869c56efa06bf2f74f15a4693"
            },
            "dist": {
                "type": "zip",
                "url": "https://api.github.com/repos/symfony/google-mailer/zipball/8da892489a7536e869c56efa06bf2f74f15a4693",
                "reference": "8da892489a7536e869c56efa06bf2f74f15a4693",
                "shasum": ""
            },
            "require": {
                "php": ">=7.2.5",
                "psr/event-dispatcher": "^1",
                "symfony/mailer": "^4.4|^5.0|^6.0"
            },
            "time": "2022-04-12T15:48:08+00:00",
            "type": "symfony-mailer-bridge",
            "installation-source": "dist",
            "autoload": {
                "psr-4": {
                    "Symfony\\Component\\Mailer\\Bridge\\Google\\": ""
                },
                "exclude-from-classmap": [
                    "/Tests/"
                ]
            },
            "notification-url": "https://packagist.org/downloads/",
            "license": [
                "MIT"
            ],
            "authors": [
                {
                    "name": "Fabien Potencier",
                    "email": "fabien@symfony.com"
                },
                {
                    "name": "Symfony Community",
                    "homepage": "https://symfony.com/contributors"
                }
            ],
            "description": "Symfony Google Mailer Bridge",
            "homepage": "https://symfony.com",
            "support": {
                "source": "https://github.com/symfony/google-mailer/tree/v5.4.8"
            },
            "funding": [
                {
                    "url": "https://symfony.com/sponsor",
                    "type": "custom"
                },
                {
                    "url": "https://github.com/fabpot",
                    "type": "github"
                },
                {
                    "url": "https://tidelift.com/funding/github/packagist/symfony/symfony",
                    "type": "tidelift"
                }
            ],
            "install-path": "../symfony/google-mailer"
        },
        {
            "name": "symfony/http-client",
            "version": "v5.4.9",
            "version_normalized": "5.4.9.0",
            "source": {
                "type": "git",
                "url": "https://github.com/symfony/http-client.git",
                "reference": "dc0b15e42b762c040761c1eb9ce86a55d47cf672"
            },
            "dist": {
                "type": "zip",
                "url": "https://api.github.com/repos/symfony/http-client/zipball/dc0b15e42b762c040761c1eb9ce86a55d47cf672",
                "reference": "dc0b15e42b762c040761c1eb9ce86a55d47cf672",
                "shasum": ""
            },
            "require": {
                "php": ">=7.2.5",
                "psr/log": "^1|^2|^3",
                "symfony/deprecation-contracts": "^2.1|^3",
                "symfony/http-client-contracts": "^2.4",
                "symfony/polyfill-php73": "^1.11",
                "symfony/polyfill-php80": "^1.16",
                "symfony/service-contracts": "^1.0|^2|^3"
            },
            "provide": {
                "php-http/async-client-implementation": "*",
                "php-http/client-implementation": "*",
                "psr/http-client-implementation": "1.0",
                "symfony/http-client-implementation": "2.4"
            },
            "require-dev": {
                "amphp/amp": "^2.5",
                "amphp/http-client": "^4.2.1",
                "amphp/http-tunnel": "^1.0",
                "amphp/socket": "^1.1",
                "guzzlehttp/promises": "^1.4",
                "nyholm/psr7": "^1.0",
                "php-http/httplug": "^1.0|^2.0",
                "psr/http-client": "^1.0",
                "symfony/dependency-injection": "^4.4|^5.0|^6.0",
                "symfony/http-kernel": "^4.4.13|^5.1.5|^6.0",
                "symfony/process": "^4.4|^5.0|^6.0",
                "symfony/stopwatch": "^4.4|^5.0|^6.0"
            },
            "time": "2022-05-21T08:57:05+00:00",
            "type": "library",
            "installation-source": "dist",
            "autoload": {
                "psr-4": {
                    "Symfony\\Component\\HttpClient\\": ""
                },
                "exclude-from-classmap": [
                    "/Tests/"
                ]
            },
            "notification-url": "https://packagist.org/downloads/",
            "license": [
                "MIT"
            ],
            "authors": [
                {
                    "name": "Nicolas Grekas",
                    "email": "p@tchwork.com"
                },
                {
                    "name": "Symfony Community",
                    "homepage": "https://symfony.com/contributors"
                }
            ],
            "description": "Provides powerful methods to fetch HTTP resources synchronously or asynchronously",
            "homepage": "https://symfony.com",
            "support": {
                "source": "https://github.com/symfony/http-client/tree/v5.4.9"
            },
            "funding": [
                {
                    "url": "https://symfony.com/sponsor",
                    "type": "custom"
                },
                {
                    "url": "https://github.com/fabpot",
                    "type": "github"
                },
                {
                    "url": "https://tidelift.com/funding/github/packagist/symfony/symfony",
                    "type": "tidelift"
                }
            ],
            "install-path": "../symfony/http-client"
        },
        {
            "name": "symfony/http-client-contracts",
            "version": "v2.5.1",
            "version_normalized": "2.5.1.0",
            "source": {
                "type": "git",
                "url": "https://github.com/symfony/http-client-contracts.git",
                "reference": "1a4f708e4e87f335d1b1be6148060739152f0bd5"
            },
            "dist": {
                "type": "zip",
                "url": "https://api.github.com/repos/symfony/http-client-contracts/zipball/1a4f708e4e87f335d1b1be6148060739152f0bd5",
                "reference": "1a4f708e4e87f335d1b1be6148060739152f0bd5",
                "shasum": ""
            },
            "require": {
                "php": ">=7.2.5"
            },
            "suggest": {
                "symfony/http-client-implementation": ""
            },
            "time": "2022-03-13T20:07:29+00:00",
            "type": "library",
            "extra": {
                "branch-alias": {
                    "dev-main": "2.5-dev"
                },
                "thanks": {
                    "name": "symfony/contracts",
                    "url": "https://github.com/symfony/contracts"
                }
            },
            "installation-source": "dist",
            "autoload": {
                "psr-4": {
                    "Symfony\\Contracts\\HttpClient\\": ""
                }
            },
            "notification-url": "https://packagist.org/downloads/",
            "license": [
                "MIT"
            ],
            "authors": [
                {
                    "name": "Nicolas Grekas",
                    "email": "p@tchwork.com"
                },
                {
                    "name": "Symfony Community",
                    "homepage": "https://symfony.com/contributors"
                }
            ],
            "description": "Generic abstractions related to HTTP clients",
            "homepage": "https://symfony.com",
            "keywords": [
                "abstractions",
                "contracts",
                "decoupling",
                "interfaces",
                "interoperability",
                "standards"
            ],
            "support": {
                "source": "https://github.com/symfony/http-client-contracts/tree/v2.5.1"
            },
            "funding": [
                {
                    "url": "https://symfony.com/sponsor",
                    "type": "custom"
                },
                {
                    "url": "https://github.com/fabpot",
                    "type": "github"
                },
                {
                    "url": "https://tidelift.com/funding/github/packagist/symfony/symfony",
                    "type": "tidelift"
                }
            ],
            "install-path": "../symfony/http-client-contracts"
        },
        {
            "name": "symfony/mailchimp-mailer",
            "version": "v5.4.7",
            "version_normalized": "5.4.7.0",
            "source": {
                "type": "git",
                "url": "https://github.com/symfony/mailchimp-mailer.git",
                "reference": "d9474abc8cd4c8a9cadd6e6c6bf667801d2fbdae"
            },
            "dist": {
                "type": "zip",
                "url": "https://api.github.com/repos/symfony/mailchimp-mailer/zipball/d9474abc8cd4c8a9cadd6e6c6bf667801d2fbdae",
                "reference": "d9474abc8cd4c8a9cadd6e6c6bf667801d2fbdae",
                "shasum": ""
            },
            "require": {
                "php": ">=7.2.5",
                "psr/event-dispatcher": "^1",
                "symfony/mailer": "^5.1|^6.0"
            },
            "require-dev": {
                "symfony/http-client": "^4.4|^5.0|^6.0"
            },
            "time": "2022-03-24T17:11:08+00:00",
            "type": "symfony-mailer-bridge",
            "installation-source": "dist",
            "autoload": {
                "psr-4": {
                    "Symfony\\Component\\Mailer\\Bridge\\Mailchimp\\": ""
                },
                "exclude-from-classmap": [
                    "/Tests/"
                ]
            },
            "notification-url": "https://packagist.org/downloads/",
            "license": [
                "MIT"
            ],
            "authors": [
                {
                    "name": "Fabien Potencier",
                    "email": "fabien@symfony.com"
                },
                {
                    "name": "Symfony Community",
                    "homepage": "https://symfony.com/contributors"
                }
            ],
            "description": "Symfony Mailchimp Mailer Bridge",
            "homepage": "https://symfony.com",
            "support": {
                "source": "https://github.com/symfony/mailchimp-mailer/tree/v5.4.7"
            },
            "funding": [
                {
                    "url": "https://symfony.com/sponsor",
                    "type": "custom"
                },
                {
                    "url": "https://github.com/fabpot",
                    "type": "github"
                },
                {
                    "url": "https://tidelift.com/funding/github/packagist/symfony/symfony",
                    "type": "tidelift"
                }
            ],
            "install-path": "../symfony/mailchimp-mailer"
        },
        {
            "name": "symfony/mailer",
            "version": "v5.4.8",
            "version_normalized": "5.4.8.0",
            "source": {
                "type": "git",
                "url": "https://github.com/symfony/mailer.git",
                "reference": "c6e7aa958cb2884d68562264f421ffea59cdad41"
            },
            "dist": {
                "type": "zip",
                "url": "https://api.github.com/repos/symfony/mailer/zipball/c6e7aa958cb2884d68562264f421ffea59cdad41",
                "reference": "c6e7aa958cb2884d68562264f421ffea59cdad41",
                "shasum": ""
            },
            "require": {
                "egulias/email-validator": "^2.1.10|^3",
                "php": ">=7.2.5",
                "psr/event-dispatcher": "^1",
                "psr/log": "^1|^2|^3",
                "symfony/deprecation-contracts": "^2.1|^3",
                "symfony/event-dispatcher": "^4.4|^5.0|^6.0",
                "symfony/mime": "^5.2.6|^6.0",
                "symfony/polyfill-php80": "^1.16",
                "symfony/service-contracts": "^1.1|^2|^3"
            },
            "conflict": {
                "symfony/http-kernel": "<4.4"
            },
            "require-dev": {
                "symfony/http-client-contracts": "^1.1|^2|^3",
                "symfony/messenger": "^4.4|^5.0|^6.0"
            },
            "time": "2022-04-27T17:10:22+00:00",
            "type": "library",
            "installation-source": "dist",
            "autoload": {
                "psr-4": {
                    "Symfony\\Component\\Mailer\\": ""
                },
                "exclude-from-classmap": [
                    "/Tests/"
                ]
            },
            "notification-url": "https://packagist.org/downloads/",
            "license": [
                "MIT"
            ],
            "authors": [
                {
                    "name": "Fabien Potencier",
                    "email": "fabien@symfony.com"
                },
                {
                    "name": "Symfony Community",
                    "homepage": "https://symfony.com/contributors"
                }
            ],
            "description": "Helps sending emails",
            "homepage": "https://symfony.com",
            "support": {
                "source": "https://github.com/symfony/mailer/tree/v5.4.8"
            },
            "funding": [
                {
                    "url": "https://symfony.com/sponsor",
                    "type": "custom"
                },
                {
                    "url": "https://github.com/fabpot",
                    "type": "github"
                },
                {
                    "url": "https://tidelift.com/funding/github/packagist/symfony/symfony",
                    "type": "tidelift"
                }
            ],
            "install-path": "../symfony/mailer"
        },
        {
            "name": "symfony/mailgun-mailer",
            "version": "v5.4.7",
            "version_normalized": "5.4.7.0",
            "source": {
                "type": "git",
                "url": "https://github.com/symfony/mailgun-mailer.git",
                "reference": "a261eb5145bd9456a9c68445eac1553c4a75d392"
            },
            "dist": {
                "type": "zip",
                "url": "https://api.github.com/repos/symfony/mailgun-mailer/zipball/a261eb5145bd9456a9c68445eac1553c4a75d392",
                "reference": "a261eb5145bd9456a9c68445eac1553c4a75d392",
                "shasum": ""
            },
            "require": {
                "php": ">=7.2.5",
                "psr/event-dispatcher": "^1",
                "symfony/mailer": "^5.2.6|^6.0"
            },
            "require-dev": {
                "symfony/http-client": "^4.4|^5.0|^6.0"
            },
            "time": "2022-03-24T17:11:08+00:00",
            "type": "symfony-mailer-bridge",
            "installation-source": "dist",
            "autoload": {
                "psr-4": {
                    "Symfony\\Component\\Mailer\\Bridge\\Mailgun\\": ""
                },
                "exclude-from-classmap": [
                    "/Tests/"
                ]
            },
            "notification-url": "https://packagist.org/downloads/",
            "license": [
                "MIT"
            ],
            "authors": [
                {
                    "name": "Fabien Potencier",
                    "email": "fabien@symfony.com"
                },
                {
                    "name": "Symfony Community",
                    "homepage": "https://symfony.com/contributors"
                }
            ],
            "description": "Symfony Mailgun Mailer Bridge",
            "homepage": "https://symfony.com",
            "support": {
                "source": "https://github.com/symfony/mailgun-mailer/tree/v5.4.7"
            },
            "funding": [
                {
                    "url": "https://symfony.com/sponsor",
                    "type": "custom"
                },
                {
                    "url": "https://github.com/fabpot",
                    "type": "github"
                },
                {
                    "url": "https://tidelift.com/funding/github/packagist/symfony/symfony",
                    "type": "tidelift"
                }
            ],
            "install-path": "../symfony/mailgun-mailer"
        },
        {
            "name": "symfony/mailjet-mailer",
            "version": "v5.4.8",
            "version_normalized": "5.4.8.0",
            "source": {
                "type": "git",
                "url": "https://github.com/symfony/mailjet-mailer.git",
                "reference": "c186b0240d691236fe848c748566e987925d2e1c"
            },
            "dist": {
                "type": "zip",
                "url": "https://api.github.com/repos/symfony/mailjet-mailer/zipball/c186b0240d691236fe848c748566e987925d2e1c",
                "reference": "c186b0240d691236fe848c748566e987925d2e1c",
                "shasum": ""
            },
            "require": {
                "php": ">=7.2.5",
                "psr/event-dispatcher": "^1",
                "symfony/mailer": "^4.4|^5.0|^6.0"
            },
            "require-dev": {
                "symfony/http-client": "^4.4|^5.0|^6.0"
            },
            "time": "2022-04-12T16:02:29+00:00",
            "type": "symfony-mailer-bridge",
            "installation-source": "dist",
            "autoload": {
                "psr-4": {
                    "Symfony\\Component\\Mailer\\Bridge\\Mailjet\\": ""
                },
                "exclude-from-classmap": [
                    "/Tests/"
                ]
            },
            "notification-url": "https://packagist.org/downloads/",
            "license": [
                "MIT"
            ],
            "authors": [
                {
                    "name": "Fabien Potencier",
                    "email": "fabien@symfony.com"
                },
                {
                    "name": "Symfony Community",
                    "homepage": "https://symfony.com/contributors"
                }
            ],
            "description": "Symfony Mailjet Mailer Bridge",
            "homepage": "https://symfony.com",
            "support": {
                "source": "https://github.com/symfony/mailjet-mailer/tree/v5.4.8"
            },
            "funding": [
                {
                    "url": "https://symfony.com/sponsor",
                    "type": "custom"
                },
                {
                    "url": "https://github.com/fabpot",
                    "type": "github"
                },
                {
                    "url": "https://tidelift.com/funding/github/packagist/symfony/symfony",
                    "type": "tidelift"
                }
            ],
            "install-path": "../symfony/mailjet-mailer"
        },
        {
            "name": "symfony/mime",
            "version": "v5.4.9",
            "version_normalized": "5.4.9.0",
            "source": {
                "type": "git",
                "url": "https://github.com/symfony/mime.git",
                "reference": "2b3802a24e48d0cfccf885173d2aac91e73df92e"
            },
            "dist": {
                "type": "zip",
                "url": "https://api.github.com/repos/symfony/mime/zipball/2b3802a24e48d0cfccf885173d2aac91e73df92e",
                "reference": "2b3802a24e48d0cfccf885173d2aac91e73df92e",
                "shasum": ""
            },
            "require": {
                "php": ">=7.2.5",
                "symfony/deprecation-contracts": "^2.1|^3",
                "symfony/polyfill-intl-idn": "^1.10",
                "symfony/polyfill-mbstring": "^1.0",
                "symfony/polyfill-php80": "^1.16"
            },
            "conflict": {
                "egulias/email-validator": "~3.0.0",
                "phpdocumentor/reflection-docblock": "<3.2.2",
                "phpdocumentor/type-resolver": "<1.4.0",
                "symfony/mailer": "<4.4"
            },
            "require-dev": {
                "egulias/email-validator": "^2.1.10|^3.1",
                "phpdocumentor/reflection-docblock": "^3.0|^4.0|^5.0",
                "symfony/dependency-injection": "^4.4|^5.0|^6.0",
                "symfony/property-access": "^4.4|^5.1|^6.0",
                "symfony/property-info": "^4.4|^5.1|^6.0",
                "symfony/serializer": "^5.2|^6.0"
            },
            "time": "2022-05-21T10:24:18+00:00",
            "type": "library",
            "installation-source": "dist",
            "autoload": {
                "psr-4": {
                    "Symfony\\Component\\Mime\\": ""
                },
                "exclude-from-classmap": [
                    "/Tests/"
                ]
            },
            "notification-url": "https://packagist.org/downloads/",
            "license": [
                "MIT"
            ],
            "authors": [
                {
                    "name": "Fabien Potencier",
                    "email": "fabien@symfony.com"
                },
                {
                    "name": "Symfony Community",
                    "homepage": "https://symfony.com/contributors"
                }
            ],
            "description": "Allows manipulating MIME messages",
            "homepage": "https://symfony.com",
            "keywords": [
                "mime",
                "mime-type"
            ],
            "support": {
                "source": "https://github.com/symfony/mime/tree/v5.4.9"
            },
            "funding": [
                {
                    "url": "https://symfony.com/sponsor",
                    "type": "custom"
                },
                {
                    "url": "https://github.com/fabpot",
                    "type": "github"
                },
                {
                    "url": "https://tidelift.com/funding/github/packagist/symfony/symfony",
                    "type": "tidelift"
                }
            ],
            "install-path": "../symfony/mime"
        },
        {
            "name": "symfony/oh-my-smtp-mailer",
            "version": "v5.4.7",
            "version_normalized": "5.4.7.0",
            "source": {
                "type": "git",
                "url": "https://github.com/symfony/oh-my-smtp-mailer.git",
                "reference": "f2e84a88a6129386aecd1c40910e2879baccd49c"
            },
            "dist": {
                "type": "zip",
                "url": "https://api.github.com/repos/symfony/oh-my-smtp-mailer/zipball/f2e84a88a6129386aecd1c40910e2879baccd49c",
                "reference": "f2e84a88a6129386aecd1c40910e2879baccd49c",
                "shasum": ""
            },
            "require": {
                "php": ">=7.2.5",
                "psr/event-dispatcher": "^1",
                "symfony/mailer": "^5.3.0|^6.0"
            },
            "require-dev": {
                "symfony/http-client": "^4.4|^5.0|^6.0"
            },
            "time": "2022-03-24T17:11:08+00:00",
            "type": "symfony-mailer-bridge",
            "installation-source": "dist",
            "autoload": {
                "psr-4": {
                    "Symfony\\Component\\Mailer\\Bridge\\OhMySmtp\\": ""
                },
                "exclude-from-classmap": [
                    "/Tests/"
                ]
            },
            "notification-url": "https://packagist.org/downloads/",
            "license": [
                "MIT"
            ],
            "authors": [
                {
                    "name": "Fabien Potencier",
                    "email": "fabien@symfony.com"
                },
                {
                    "name": "Symfony Community",
                    "homepage": "https://symfony.com/contributors"
                },
                {
                    "name": "Paul Oms",
                    "homepage": "https://ohmysmtp.com"
                }
            ],
            "description": "Symfony OhMySMTP Mailer Bridge",
            "homepage": "https://symfony.com",
            "support": {
                "source": "https://github.com/symfony/oh-my-smtp-mailer/tree/v5.4.7"
            },
            "funding": [
                {
                    "url": "https://symfony.com/sponsor",
                    "type": "custom"
                },
                {
                    "url": "https://github.com/fabpot",
                    "type": "github"
                },
                {
                    "url": "https://tidelift.com/funding/github/packagist/symfony/symfony",
                    "type": "tidelift"
                }
            ],
            "install-path": "../symfony/oh-my-smtp-mailer"
        },
        {
            "name": "symfony/polyfill-intl-idn",
            "version": "v1.26.0",
            "version_normalized": "1.26.0.0",
            "source": {
                "type": "git",
                "url": "https://github.com/symfony/polyfill-intl-idn.git",
                "reference": "59a8d271f00dd0e4c2e518104cc7963f655a1aa8"
            },
            "dist": {
                "type": "zip",
                "url": "https://api.github.com/repos/symfony/polyfill-intl-idn/zipball/59a8d271f00dd0e4c2e518104cc7963f655a1aa8",
                "reference": "59a8d271f00dd0e4c2e518104cc7963f655a1aa8",
                "shasum": ""
            },
            "require": {
                "php": ">=7.1",
                "symfony/polyfill-intl-normalizer": "^1.10",
                "symfony/polyfill-php72": "^1.10"
            },
            "suggest": {
                "ext-intl": "For best performance"
            },
            "time": "2022-05-24T11:49:31+00:00",
            "type": "library",
            "extra": {
                "branch-alias": {
                    "dev-main": "1.26-dev"
                },
                "thanks": {
                    "name": "symfony/polyfill",
                    "url": "https://github.com/symfony/polyfill"
                }
            },
            "installation-source": "dist",
            "autoload": {
                "files": [
                    "bootstrap.php"
                ],
                "psr-4": {
                    "Symfony\\Polyfill\\Intl\\Idn\\": ""
                }
            },
            "notification-url": "https://packagist.org/downloads/",
            "license": [
                "MIT"
            ],
            "authors": [
                {
                    "name": "Laurent Bassin",
                    "email": "laurent@bassin.info"
                },
                {
                    "name": "Trevor Rowbotham",
                    "email": "trevor.rowbotham@pm.me"
                },
                {
                    "name": "Symfony Community",
                    "homepage": "https://symfony.com/contributors"
                }
            ],
            "description": "Symfony polyfill for intl's idn_to_ascii and idn_to_utf8 functions",
            "homepage": "https://symfony.com",
            "keywords": [
                "compatibility",
                "idn",
                "intl",
                "polyfill",
                "portable",
                "shim"
            ],
            "support": {
                "source": "https://github.com/symfony/polyfill-intl-idn/tree/v1.26.0"
            },
            "funding": [
                {
                    "url": "https://symfony.com/sponsor",
                    "type": "custom"
                },
                {
                    "url": "https://github.com/fabpot",
                    "type": "github"
                },
                {
                    "url": "https://tidelift.com/funding/github/packagist/symfony/symfony",
                    "type": "tidelift"
                }
            ],
            "install-path": "../symfony/polyfill-intl-idn"
        },
        {
            "name": "symfony/polyfill-intl-normalizer",
            "version": "v1.26.0",
            "version_normalized": "1.26.0.0",
            "source": {
                "type": "git",
                "url": "https://github.com/symfony/polyfill-intl-normalizer.git",
                "reference": "219aa369ceff116e673852dce47c3a41794c14bd"
            },
            "dist": {
                "type": "zip",
                "url": "https://api.github.com/repos/symfony/polyfill-intl-normalizer/zipball/219aa369ceff116e673852dce47c3a41794c14bd",
                "reference": "219aa369ceff116e673852dce47c3a41794c14bd",
                "shasum": ""
            },
            "require": {
                "php": ">=7.1"
            },
            "suggest": {
                "ext-intl": "For best performance"
            },
            "time": "2022-05-24T11:49:31+00:00",
            "type": "library",
            "extra": {
                "branch-alias": {
                    "dev-main": "1.26-dev"
                },
                "thanks": {
                    "name": "symfony/polyfill",
                    "url": "https://github.com/symfony/polyfill"
                }
            },
            "installation-source": "dist",
            "autoload": {
                "files": [
                    "bootstrap.php"
                ],
                "psr-4": {
                    "Symfony\\Polyfill\\Intl\\Normalizer\\": ""
                },
                "classmap": [
                    "Resources/stubs"
                ]
            },
            "notification-url": "https://packagist.org/downloads/",
            "license": [
                "MIT"
            ],
            "authors": [
                {
                    "name": "Nicolas Grekas",
                    "email": "p@tchwork.com"
                },
                {
                    "name": "Symfony Community",
                    "homepage": "https://symfony.com/contributors"
                }
            ],
            "description": "Symfony polyfill for intl's Normalizer class and related functions",
            "homepage": "https://symfony.com",
            "keywords": [
                "compatibility",
                "intl",
                "normalizer",
                "polyfill",
                "portable",
                "shim"
            ],
            "support": {
                "source": "https://github.com/symfony/polyfill-intl-normalizer/tree/v1.26.0"
            },
            "funding": [
                {
                    "url": "https://symfony.com/sponsor",
                    "type": "custom"
                },
                {
                    "url": "https://github.com/fabpot",
                    "type": "github"
                },
                {
                    "url": "https://tidelift.com/funding/github/packagist/symfony/symfony",
                    "type": "tidelift"
                }
            ],
            "install-path": "../symfony/polyfill-intl-normalizer"
        },
        {
            "name": "symfony/polyfill-mbstring",
            "version": "v1.26.0",
            "version_normalized": "1.26.0.0",
            "source": {
                "type": "git",
                "url": "https://github.com/symfony/polyfill-mbstring.git",
                "reference": "9344f9cb97f3b19424af1a21a3b0e75b0a7d8d7e"
            },
            "dist": {
                "type": "zip",
                "url": "https://api.github.com/repos/symfony/polyfill-mbstring/zipball/9344f9cb97f3b19424af1a21a3b0e75b0a7d8d7e",
                "reference": "9344f9cb97f3b19424af1a21a3b0e75b0a7d8d7e",
                "shasum": ""
            },
            "require": {
                "php": ">=7.1"
            },
            "provide": {
                "ext-mbstring": "*"
            },
            "suggest": {
                "ext-mbstring": "For best performance"
            },
            "time": "2022-05-24T11:49:31+00:00",
            "type": "library",
            "extra": {
                "branch-alias": {
                    "dev-main": "1.26-dev"
                },
                "thanks": {
                    "name": "symfony/polyfill",
                    "url": "https://github.com/symfony/polyfill"
                }
            },
            "installation-source": "dist",
            "autoload": {
                "files": [
                    "bootstrap.php"
                ],
                "psr-4": {
                    "Symfony\\Polyfill\\Mbstring\\": ""
                }
            },
            "notification-url": "https://packagist.org/downloads/",
            "license": [
                "MIT"
            ],
            "authors": [
                {
                    "name": "Nicolas Grekas",
                    "email": "p@tchwork.com"
                },
                {
                    "name": "Symfony Community",
                    "homepage": "https://symfony.com/contributors"
                }
            ],
            "description": "Symfony polyfill for the Mbstring extension",
            "homepage": "https://symfony.com",
            "keywords": [
                "compatibility",
                "mbstring",
                "polyfill",
                "portable",
                "shim"
            ],
            "support": {
                "source": "https://github.com/symfony/polyfill-mbstring/tree/v1.26.0"
            },
            "funding": [
                {
                    "url": "https://symfony.com/sponsor",
                    "type": "custom"
                },
                {
                    "url": "https://github.com/fabpot",
                    "type": "github"
                },
                {
                    "url": "https://tidelift.com/funding/github/packagist/symfony/symfony",
                    "type": "tidelift"
                }
            ],
            "install-path": "../symfony/polyfill-mbstring"
        },
        {
            "name": "symfony/polyfill-php72",
            "version": "v1.26.0",
            "version_normalized": "1.26.0.0",
            "source": {
                "type": "git",
                "url": "https://github.com/symfony/polyfill-php72.git",
                "reference": "bf44a9fd41feaac72b074de600314a93e2ae78e2"
            },
            "dist": {
                "type": "zip",
                "url": "https://api.github.com/repos/symfony/polyfill-php72/zipball/bf44a9fd41feaac72b074de600314a93e2ae78e2",
                "reference": "bf44a9fd41feaac72b074de600314a93e2ae78e2",
                "shasum": ""
            },
            "require": {
                "php": ">=7.1"
            },
            "time": "2022-05-24T11:49:31+00:00",
            "type": "library",
            "extra": {
                "branch-alias": {
                    "dev-main": "1.26-dev"
                },
                "thanks": {
                    "name": "symfony/polyfill",
                    "url": "https://github.com/symfony/polyfill"
                }
            },
            "installation-source": "dist",
            "autoload": {
                "files": [
                    "bootstrap.php"
                ],
                "psr-4": {
                    "Symfony\\Polyfill\\Php72\\": ""
                }
            },
            "notification-url": "https://packagist.org/downloads/",
            "license": [
                "MIT"
            ],
            "authors": [
                {
                    "name": "Nicolas Grekas",
                    "email": "p@tchwork.com"
                },
                {
                    "name": "Symfony Community",
                    "homepage": "https://symfony.com/contributors"
                }
            ],
            "description": "Symfony polyfill backporting some PHP 7.2+ features to lower PHP versions",
            "homepage": "https://symfony.com",
            "keywords": [
                "compatibility",
                "polyfill",
                "portable",
                "shim"
            ],
            "support": {
                "source": "https://github.com/symfony/polyfill-php72/tree/v1.26.0"
            },
            "funding": [
                {
                    "url": "https://symfony.com/sponsor",
                    "type": "custom"
                },
                {
                    "url": "https://github.com/fabpot",
                    "type": "github"
                },
                {
                    "url": "https://tidelift.com/funding/github/packagist/symfony/symfony",
                    "type": "tidelift"
                }
            ],
            "install-path": "../symfony/polyfill-php72"
        },
        {
            "name": "symfony/polyfill-php73",
            "version": "v1.26.0",
            "version_normalized": "1.26.0.0",
            "source": {
                "type": "git",
                "url": "https://github.com/symfony/polyfill-php73.git",
                "reference": "e440d35fa0286f77fb45b79a03fedbeda9307e85"
            },
            "dist": {
                "type": "zip",
                "url": "https://api.github.com/repos/symfony/polyfill-php73/zipball/e440d35fa0286f77fb45b79a03fedbeda9307e85",
                "reference": "e440d35fa0286f77fb45b79a03fedbeda9307e85",
                "shasum": ""
            },
            "require": {
                "php": ">=7.1"
            },
            "time": "2022-05-24T11:49:31+00:00",
            "type": "library",
            "extra": {
                "branch-alias": {
                    "dev-main": "1.26-dev"
                },
                "thanks": {
                    "name": "symfony/polyfill",
                    "url": "https://github.com/symfony/polyfill"
                }
            },
            "installation-source": "dist",
            "autoload": {
                "files": [
                    "bootstrap.php"
                ],
                "psr-4": {
                    "Symfony\\Polyfill\\Php73\\": ""
                },
                "classmap": [
                    "Resources/stubs"
                ]
            },
            "notification-url": "https://packagist.org/downloads/",
            "license": [
                "MIT"
            ],
            "authors": [
                {
                    "name": "Nicolas Grekas",
                    "email": "p@tchwork.com"
                },
                {
                    "name": "Symfony Community",
                    "homepage": "https://symfony.com/contributors"
                }
            ],
            "description": "Symfony polyfill backporting some PHP 7.3+ features to lower PHP versions",
            "homepage": "https://symfony.com",
            "keywords": [
                "compatibility",
                "polyfill",
                "portable",
                "shim"
            ],
            "support": {
                "source": "https://github.com/symfony/polyfill-php73/tree/v1.26.0"
            },
            "funding": [
                {
                    "url": "https://symfony.com/sponsor",
                    "type": "custom"
                },
                {
                    "url": "https://github.com/fabpot",
                    "type": "github"
                },
                {
                    "url": "https://tidelift.com/funding/github/packagist/symfony/symfony",
                    "type": "tidelift"
                }
            ],
            "install-path": "../symfony/polyfill-php73"
        },
        {
            "name": "symfony/polyfill-php80",
            "version": "v1.26.0",
            "version_normalized": "1.26.0.0",
            "source": {
                "type": "git",
                "url": "https://github.com/symfony/polyfill-php80.git",
                "reference": "cfa0ae98841b9e461207c13ab093d76b0fa7bace"
            },
            "dist": {
                "type": "zip",
                "url": "https://api.github.com/repos/symfony/polyfill-php80/zipball/cfa0ae98841b9e461207c13ab093d76b0fa7bace",
                "reference": "cfa0ae98841b9e461207c13ab093d76b0fa7bace",
                "shasum": ""
            },
            "require": {
                "php": ">=7.1"
            },
            "time": "2022-05-10T07:21:04+00:00",
            "type": "library",
            "extra": {
                "branch-alias": {
                    "dev-main": "1.26-dev"
                },
                "thanks": {
                    "name": "symfony/polyfill",
                    "url": "https://github.com/symfony/polyfill"
                }
            },
            "installation-source": "dist",
            "autoload": {
                "files": [
                    "bootstrap.php"
                ],
                "psr-4": {
                    "Symfony\\Polyfill\\Php80\\": ""
                },
                "classmap": [
                    "Resources/stubs"
                ]
            },
            "notification-url": "https://packagist.org/downloads/",
            "license": [
                "MIT"
            ],
            "authors": [
                {
                    "name": "Ion Bazan",
                    "email": "ion.bazan@gmail.com"
                },
                {
                    "name": "Nicolas Grekas",
                    "email": "p@tchwork.com"
                },
                {
                    "name": "Symfony Community",
                    "homepage": "https://symfony.com/contributors"
                }
            ],
            "description": "Symfony polyfill backporting some PHP 8.0+ features to lower PHP versions",
            "homepage": "https://symfony.com",
            "keywords": [
                "compatibility",
                "polyfill",
                "portable",
                "shim"
            ],
            "support": {
                "source": "https://github.com/symfony/polyfill-php80/tree/v1.26.0"
            },
            "funding": [
                {
                    "url": "https://symfony.com/sponsor",
                    "type": "custom"
                },
                {
                    "url": "https://github.com/fabpot",
                    "type": "github"
                },
                {
                    "url": "https://tidelift.com/funding/github/packagist/symfony/symfony",
                    "type": "tidelift"
                }
            ],
            "install-path": "../symfony/polyfill-php80"
        },
        {
            "name": "symfony/postmark-mailer",
            "version": "v5.4.7",
            "version_normalized": "5.4.7.0",
            "source": {
                "type": "git",
                "url": "https://github.com/symfony/postmark-mailer.git",
                "reference": "dbc83bac6fa0fe0badbf8b0f354fc65be2509545"
            },
            "dist": {
                "type": "zip",
                "url": "https://api.github.com/repos/symfony/postmark-mailer/zipball/dbc83bac6fa0fe0badbf8b0f354fc65be2509545",
                "reference": "dbc83bac6fa0fe0badbf8b0f354fc65be2509545",
                "shasum": ""
            },
            "require": {
                "php": ">=7.2.5",
                "psr/event-dispatcher": "^1",
                "symfony/mailer": "^5.2.6|^6.0"
            },
            "require-dev": {
                "symfony/http-client": "^4.4|^5.0|^6.0"
            },
            "time": "2022-03-24T17:11:08+00:00",
            "type": "symfony-mailer-bridge",
            "installation-source": "dist",
            "autoload": {
                "psr-4": {
                    "Symfony\\Component\\Mailer\\Bridge\\Postmark\\": ""
                },
                "exclude-from-classmap": [
                    "/Tests/"
                ]
            },
            "notification-url": "https://packagist.org/downloads/",
            "license": [
                "MIT"
            ],
            "authors": [
                {
                    "name": "Fabien Potencier",
                    "email": "fabien@symfony.com"
                },
                {
                    "name": "Symfony Community",
                    "homepage": "https://symfony.com/contributors"
                }
            ],
            "description": "Symfony Postmark Mailer Bridge",
            "homepage": "https://symfony.com",
            "support": {
                "source": "https://github.com/symfony/postmark-mailer/tree/v5.4.7"
            },
            "funding": [
                {
                    "url": "https://symfony.com/sponsor",
                    "type": "custom"
                },
                {
                    "url": "https://github.com/fabpot",
                    "type": "github"
                },
                {
                    "url": "https://tidelift.com/funding/github/packagist/symfony/symfony",
                    "type": "tidelift"
                }
            ],
            "install-path": "../symfony/postmark-mailer"
        },
        {
            "name": "symfony/sendgrid-mailer",
            "version": "v5.4.7",
            "version_normalized": "5.4.7.0",
            "source": {
                "type": "git",
                "url": "https://github.com/symfony/sendgrid-mailer.git",
                "reference": "8c1ef727aed18460e91a3ec54237a0e48b80a1dd"
            },
            "dist": {
                "type": "zip",
                "url": "https://api.github.com/repos/symfony/sendgrid-mailer/zipball/8c1ef727aed18460e91a3ec54237a0e48b80a1dd",
                "reference": "8c1ef727aed18460e91a3ec54237a0e48b80a1dd",
                "shasum": ""
            },
            "require": {
                "php": ">=7.2.5",
                "psr/event-dispatcher": "^1",
                "symfony/mailer": "^4.4|^5.0|^6.0"
            },
            "require-dev": {
                "symfony/http-client": "^4.4|^5.0|^6.0"
            },
            "time": "2022-03-24T17:11:08+00:00",
            "type": "symfony-mailer-bridge",
            "installation-source": "dist",
            "autoload": {
                "psr-4": {
                    "Symfony\\Component\\Mailer\\Bridge\\Sendgrid\\": ""
                },
                "exclude-from-classmap": [
                    "/Tests/"
                ]
            },
            "notification-url": "https://packagist.org/downloads/",
            "license": [
                "MIT"
            ],
            "authors": [
                {
                    "name": "Fabien Potencier",
                    "email": "fabien@symfony.com"
                },
                {
                    "name": "Symfony Community",
                    "homepage": "https://symfony.com/contributors"
                }
            ],
            "description": "Symfony Sendgrid Mailer Bridge",
            "homepage": "https://symfony.com",
            "support": {
                "source": "https://github.com/symfony/sendgrid-mailer/tree/v5.4.7"
            },
            "funding": [
                {
                    "url": "https://symfony.com/sponsor",
                    "type": "custom"
                },
                {
                    "url": "https://github.com/fabpot",
                    "type": "github"
                },
                {
                    "url": "https://tidelift.com/funding/github/packagist/symfony/symfony",
                    "type": "tidelift"
                }
            ],
            "install-path": "../symfony/sendgrid-mailer"
        },
        {
            "name": "symfony/sendinblue-mailer",
            "version": "v5.4.8",
            "version_normalized": "5.4.8.0",
            "source": {
                "type": "git",
                "url": "https://github.com/symfony/sendinblue-mailer.git",
                "reference": "3663724b2cd2f8913fee974d1c8c2260d81ba7a1"
            },
            "dist": {
                "type": "zip",
                "url": "https://api.github.com/repos/symfony/sendinblue-mailer/zipball/3663724b2cd2f8913fee974d1c8c2260d81ba7a1",
                "reference": "3663724b2cd2f8913fee974d1c8c2260d81ba7a1",
                "shasum": ""
            },
            "require": {
                "php": ">=7.2.5",
                "psr/event-dispatcher": "^1",
                "symfony/mailer": "^5.1|^6.0"
            },
            "require-dev": {
                "symfony/http-client": "^4.4|^5.0|^6.0"
            },
            "time": "2022-04-12T16:02:29+00:00",
            "type": "symfony-mailer-bridge",
            "installation-source": "dist",
            "autoload": {
                "psr-4": {
                    "Symfony\\Component\\Mailer\\Bridge\\Sendinblue\\": ""
                },
                "exclude-from-classmap": [
                    "/Tests/"
                ]
            },
            "notification-url": "https://packagist.org/downloads/",
            "license": [
                "MIT"
            ],
            "authors": [
                {
                    "name": "Fabien Potencier",
                    "email": "fabien@symfony.com"
                },
                {
                    "name": "Symfony Community",
                    "homepage": "https://symfony.com/contributors"
                }
            ],
            "description": "Symfony Sendinblue Mailer Bridge",
            "homepage": "https://symfony.com",
            "support": {
                "source": "https://github.com/symfony/sendinblue-mailer/tree/v5.4.8"
            },
            "funding": [
                {
                    "url": "https://symfony.com/sponsor",
                    "type": "custom"
                },
                {
                    "url": "https://github.com/fabpot",
                    "type": "github"
                },
                {
                    "url": "https://tidelift.com/funding/github/packagist/symfony/symfony",
                    "type": "tidelift"
                }
            ],
            "install-path": "../symfony/sendinblue-mailer"
        },
        {
            "name": "symfony/service-contracts",
            "version": "v2.5.1",
            "version_normalized": "2.5.1.0",
            "source": {
                "type": "git",
                "url": "https://github.com/symfony/service-contracts.git",
                "reference": "24d9dc654b83e91aa59f9d167b131bc3b5bea24c"
            },
            "dist": {
                "type": "zip",
                "url": "https://api.github.com/repos/symfony/service-contracts/zipball/24d9dc654b83e91aa59f9d167b131bc3b5bea24c",
                "reference": "24d9dc654b83e91aa59f9d167b131bc3b5bea24c",
                "shasum": ""
            },
            "require": {
                "php": ">=7.2.5",
                "psr/container": "^1.1",
                "symfony/deprecation-contracts": "^2.1|^3"
            },
            "conflict": {
                "ext-psr": "<1.1|>=2"
            },
            "suggest": {
                "symfony/service-implementation": ""
            },
            "time": "2022-03-13T20:07:29+00:00",
            "type": "library",
            "extra": {
                "branch-alias": {
                    "dev-main": "2.5-dev"
                },
                "thanks": {
                    "name": "symfony/contracts",
                    "url": "https://github.com/symfony/contracts"
                }
            },
            "installation-source": "dist",
            "autoload": {
                "psr-4": {
                    "Symfony\\Contracts\\Service\\": ""
                }
            },
            "notification-url": "https://packagist.org/downloads/",
            "license": [
                "MIT"
            ],
            "authors": [
                {
                    "name": "Nicolas Grekas",
                    "email": "p@tchwork.com"
                },
                {
                    "name": "Symfony Community",
                    "homepage": "https://symfony.com/contributors"
                }
            ],
            "description": "Generic abstractions related to writing services",
            "homepage": "https://symfony.com",
            "keywords": [
                "abstractions",
                "contracts",
                "decoupling",
                "interfaces",
                "interoperability",
                "standards"
            ],
            "support": {
                "source": "https://github.com/symfony/service-contracts/tree/v2.5.1"
            },
            "funding": [
                {
                    "url": "https://symfony.com/sponsor",
                    "type": "custom"
                },
                {
                    "url": "https://github.com/fabpot",
                    "type": "github"
                },
                {
                    "url": "https://tidelift.com/funding/github/packagist/symfony/symfony",
                    "type": "tidelift"
                }
            ],
            "install-path": "../symfony/service-contracts"
        }
    ],
    "dev": true,
    "dev-package-names": []
}
